USE MYmovie
INSERT INTO MovieStudio (MovieID, StudioID) VALUES
(1, 15),
(1, 25),
(2, 18),
(2, 26),
(3, 15),
(3, 27),
(4, 19),
(4, 28),
(5, 3),
(5, 29),
(5, 30),
(6, 1),
(6, 12),
(6, 31),
(7, 9),
(7, 32),
(8, 20),
(8, 33),
(9, 34),
(9, 35),
(10, 36),
(10, 37),
(11, 15),
(11, 30),
(12, 15),
(12, 38),
(13, 39),
(14, 15),
(14, 40),
(15, 15),
(15, 9),
(16, 15),
(16, 30),
(17, 11),
(17, 22),
(18, 41),
(18, 42),
(19, 23),
(19, 43),
(19, 44),
(20, 24),
(20, 45),
(21, 3),
(21, 46),
(22, 1),
(22, 8),
(23, 8),
(24, 15),
(24, 30),
(24, 40)


INSERT INTO MovieDirector (MovieID, DirectorID) VALUES
(1, 19),
(2, 22),
(3, 2),
(4, 23),
(5, 3),
(6, 6),
(7, 18),
(8, 15),
(9, 15),
(10, 8),
(11, 24),
(12, 8),
(13, 16),
(14, 21),
(15, 7),
(16, 24),
(17, 8),
(18, 25),
(19, 26),
(20, 13),
(21, 27),
(22, 21),
(23, 28),
(24, 11)


INSERT INTO MovieGenre (MovieID, GenreID) VALUES
(1, 2),
(1, 9),
(1, 14),
(2, 2),
(2, 6),
(2, 7),
(2, 14),
(3, 10),
(4, 6),
(4, 7),
(4, 2),
(5, 7),
(5, 2),
(6, 6),
(6, 2),
(7, 9),
(7, 14),
(7, 2),
(8, 14),
(8, 2),
(9, 7),
(9, 2),
(9, 14),
(10, 2),
(10, 9),
(10, 14),
(11, 4),
(11, 16),
(11, 8),
(11, 2),
(12, 2),
(13, 7),
(14, 4),
(14, 3),
(14, 8),
(14, 16),
(15, 8),
(15, 16),
(16, 16),
(16, 8),
(16, 2),
(17, 15),
(17, 9),
(17, 2),
(17, 14),
(18, 6),
(18, 7),
(18, 2),
(19, 9),
(19, 3),
(19, 2),
(20, 6),
(20, 13),
(20, 7),
(20, 2),
(21, 6),
(21, 2),
(22, 4),
(22, 3),
(22, 8),
(22, 16),
(23, 4),
(23, 3),
(23, 8),
(23, 16),
(23, 9),
(24, 3),
(24, 2),
(24, 9)


INSERT INTO MovieLanguage (MovieID, LanguageID) VALUES
(1, 1),
(1, 2),
(1, 3),
(1, 4),
(1, 5),
(1, 6),
(1, 8),
(1, 10),
(2, 1),
(2, 2),
(2, 3),
(2, 4),
(2, 5),
(2, 6),
(2, 8),
(2, 10),
(3, 1),
(3, 2),
(3, 3),
(3, 4),
(3, 5),
(3, 6),
(3, 7),
(3, 8),
(3, 10),
(4, 1),
(4, 2),
(4, 3),
(4, 6),
(4, 7),
(4, 8),
(5, 1),
(5, 2),
(5, 3),
(5, 4),
(5, 5),
(5, 6),
(5, 7),
(5, 8),
(5, 10),
(6, 1),
(6, 2),
(6, 3),
(6, 4),
(6, 5),
(6, 6),
(6, 7),
(6, 8),
(6, 10),
(7, 1),
(7, 2),
(7, 3),
(7, 4),
(7, 5),
(7, 6),
(7, 7),
(7, 8),
(7, 10),
(8, 1),
(8, 2),
(8, 3),
(8, 4),
(8, 5),
(8, 6),
(8, 7),
(8, 8),
(8, 10),
(9, 1),
(9, 2),
(9, 3),
(9, 4),
(9, 5),
(9, 6),
(9, 7),
(9, 8),
(9, 10),
(10, 1),
(10, 2),
(10, 3),
(10, 4),
(10, 5),
(10, 7),
(10, 8),
(10, 10),
(11, 1),
(11, 2),
(11, 3),
(11, 5),
(11, 6),
(11, 7),
(11, 8),
(11, 10),
(12, 1),
(12, 2),
(12, 3),
(12, 5),
(12, 6),
(12, 7),
(12, 8),
(12, 10),
(13, 1),
(13, 2),
(13, 3),
(13, 4),
(13, 7),
(13, 8),
(13, 10),
(14, 1),
(14, 2),
(14, 3),
(14, 4),
(14, 5),
(14, 6),
(14, 8),
(14, 10),
(15, 1),
(15, 2),
(15, 3),
(15, 4),
(15, 5),
(15, 6),
(15, 7),
(15, 8),
(15, 10),
(16, 1),
(16, 2),
(16, 3),
(16, 4),
(16, 5),
(16, 6),
(16, 7),
(16, 8),
(16, 10),
(17, 1),
(17, 2),
(17, 3),
(17, 4),
(17, 6),
(17, 7),
(17, 8),
(17, 10),
(18, 1),
(18, 2),
(18, 3),
(18, 4),
(18, 6),
(18, 7),
(18, 8),
(18, 10),
(19, 1),
(19, 2),
(19, 3),
(19, 4),
(19, 7),
(19, 8),
(19, 10),
(20, 1),
(20, 2),
(20, 3),
(20, 4),
(20, 5),
(20, 6),
(20, 7),
(20, 8),
(20, 10),
(21, 1),
(21, 2),
(21, 3),
(21, 4),
(21, 5),
(21, 6),
(21, 7),
(21, 8),
(21, 10),
(22, 1),
(22, 2),
(22, 3),
(22, 4),
(22, 5),
(22, 6),
(22, 8),
(22, 10),
(23, 1),
(23, 2),
(23, 3),
(23, 4),
(23, 5),
(23, 6),
(23, 8),
(23, 10),
(24, 1),
(24, 2),
(24, 3),
(24, 4),
(24, 5),
(24, 6),
(24, 7),
(24, 8),
(24, 10)


INSERT INTO MovieCountry (MovieID, CountryID) VALUES
(1, 1),
(1, 7),
(2, 1),
(2, 2),
(3, 1),
(3, 2),
(4, 1),
(5, 1),
(6, 11),
(6, 2),
(7, 1),
(7, 11),
(8, 1),
(8, 11),
(9, 1),
(9, 11),
(10, 1),
(11, 2),
(12, 1),
(13, 3),
(14, 1),
(14, 6),
(15, 12),
(16, 2),
(16, 3),
(17, 1),
(18, 1),
(19, 1),
(20, 1),
(21, 1),
(21, 11),
(22, 1),
(22, 7),
(23, 1),
(23, 2),
(24, 1),
(24, 2)


INSERT INTO MovieRole (MovieID, ActorID, RoleID) VALUES
(1, 1, 1),
(2, 1, 2),
(2, 16, 3),
(3, 2, 4),
(4, 2, 5),
(5, 3, 6),
(5, 12, 7),
(6, 3, 9),
(7, 4, 10),
(8, 4, 11),
(8, 21, 30),
(9, 3, 12),
(9, 12, 31),
(10, 5, 13),
(11, 6, 14),
(11, 15, 15),
(12, 7, 16),
(13, 8, 17),
(14, 9, 18),
(15, 10, 19),
(16, 11, 20),
(17, 13, 21),
(18, 14, 22),
(19, 7, 32),
(19, 15, 23),
(20, 16, 25),
(21, 17, 26),
(22, 18, 27),
(23, 19, 28),
(24, 20, 29)